"key","chla","tp","secchi"
1,74.23073919,148.2526739718,0.075
2,109.311660275,144.297056693877,0.075
3,28.1398325325,34.9451921123497,0.52
4,8.79548344875,18.6480800188617,1.85
5,4.95833952025,18.0289788216451,2.45
6,59.071696265,56.438810865059,0.575
7,1.590153422,14.0219416206341,7.45
8,4.21551712,23.1707192976988,0.45
9,2.128613031,12.6815119736879,1.115
10,3.6948720175,23.4145453565329,4.05
11,1.8636399645,16.7050498956709,0.56
12,27.7733041775,28.9457057308379,1.65
13,1.1764819915,14.8106974649313,5.35
14,4.2127449245,20.4269735540669,4.1
15,4.17251527425,18.4399797338302,1.65
16,24.954603465,57.1647849700856,0.35
17,NA,NA,NA
18,5.028597351,15.681119737303,1.4
19,5.39835468475,13.3094792409856,1.95
20,6.623016699,11.9155208847523,2.15
21,12.5500270733333,30.0887859661683,0.35
22,11.5860133,6.62234969007973,1.25
23,5.82815722225,19.085439844593,1.35
24,1.610905511,11.3851479419044,NA
25,3.60363370675,21.9659990403856,2.25
26,0.8735014935,8.56262106399901,NA
27,1.11934483575,11.0434298340478,NA
28,3.40394112,12.5926368427554,3.8
29,2.26799461325,13.2719636081453,NA
30,1.34767556766667,14.2558160087971,4.05
31,3.36395692425,9.6462540541049,NA
32,1.38023836425,8.19559027711378,5.87
33,6.11468284033333,31.6333406086269,1.55
34,2.64592245,10.5035471473153,NA
35,6.83230039975,12.4252503988359,1.25
36,0.919581369,9.32296598431704,6.15
37,1.67773485033333,7.43157524015627,4.45
38,18.1096543625,29.0349245261015,0.76
39,0.92303086225,39.2890682741622,4.85
40,2.73540096,24.1718097822348,1.95
41,3.52561057775,17.7727595674321,4.4
42,4.18934664875,15.4310120502566,3
43,3.562050773,11.0026164986878,4.85
44,1.60182499575,15.7449298329899,1.33
45,1.00384981325,3.69445852451963,NA
46,1.616946062,11.0502657288305,5.15
47,0.913312427,9.44770410407356,4.55
48,3.677411911,13.8138623972547,2.575
49,NA,11.810144971068,4.25
50,3.98830537325,16.356744052898,1.915
51,2.480004569,20.5718087903283,NA
52,1.83953064575,15.9717519825416,3.75
53,0.203084326,10.71291157,NA
54,2.43907514625,12.69926115,3.035
55,1.730377689,15.77226603,4.32
56,4.76426220475,25.54202829,1.925
57,2.3857420445,15.97821703,2.695
58,30.7462318925,54.6840790252055,0.95
59,1.71348462225,14.39925936,3.105
60,0.99509219575,10.96674266,5.065
61,3.20525588875,20.0046135,2.835
62,2.9301004445,22.77460008,2.765
63,2.2010287645,16.0107949025413,NA
64,4.93540590225,11.0884743616347,2
65,2.70496193775,12.77361243,1.895
66,2.847604,13.02625268,3.755
67,1.16931523525,14.26195869,NA
68,4.432323289,28.95313013,2.275
69,2.79779111125,20.5777894,4.635
70,2.05476394675,11.2540145486227,NA
71,3.20325621325,31.6429402194886,4
72,0.5118008535,9.335962012,2.745
73,5.580366649,13.3334202915868,2.14
74,3.0252056535,12.6512495328775,3.225
75,3.802255218,19.78284771,1.205
76,1.707908729,7.84960517991367,NA
77,3.596960486,11.6162200899152,5.35
78,7.22540219266667,20.4925731667683,3.65
79,4.28583007975,11.1865275049979,3.9
80,NA,64.5543634708664,0.65
81,4.2497442845,23.0877822930394,3.6
82,1.027019698,9.94223280554859,NA
83,1.3496339555,11.4332609290691,NA
84,2.5640209955,17.4892180352272,3.2
85,2.37281038225,11.2215256450943,3.15
86,0.876559834333333,18.93459631,3.26
87,2.791734809,NA,4.95
88,1.555716243,9.80869712039302,7
89,3.2018701155,50.57555522,0.825
90,1.60721975125,9.23019740175431,3.95
91,3.826606436,NA,2.25
92,10.87573362425,20.4826379033204,1.05
93,6.113315619,NA,2.05
94,1.51039767125,10.0562337472698,3.45
95,NA,25.9499665705621,3.05
96,1.5729599595,36.261836878145,3.06
97,13.5807103825,46.0341493892293,0.95
98,0.96961477325,11.0437149,6.28
99,0.90875248,20.54180949,NA
100,NA,14.9514702802238,2.95
101,9.6443265765,28.8171621338715,2.9
102,3.69814037325,10.9221133314401,2.95
103,1.2012506135,3.904782109,5.86
104,NA,NA,3.2
105,2.2668762845,11.156157444234,2.65
106,1.43798193775,9.67513966736161,2.24
107,2.466287976,NA,2.75
108,30.0497291366667,62.7555565779097,0.95
109,3.092562655,13.18539474,2.465
110,0.789477191,12.6173556,9.8
111,278.49140605,303.96387419339,0.25
112,NA,10.3234524171123,3.65
113,3.79325345775,81.22834789,0.825
114,2.4240487465,10.0767164935504,4.2
115,0.170411271,8.197519339,2.44
116,1.546349582,29.5690759528184,NA
117,6.264390151,88.9120181598648,0.35
118,4.76516789325,248.6140126,0.68
119,1.331168403,10.8644858944638,4.45
120,2.76017220733333,17.8162033521663,2.75
121,15.93926743475,23.8459319759851,1.1
122,3.2152664355,16.56842134,2.255
123,2.6375629335,38.53366819,0.565
124,2.3422768535,30.3096908792547,3.875
125,5.36293831125,12.2848059142317,2.6
126,13.2370341955,28.157430614034,0.95
127,2.7184370135,37.4216265846612,NA
128,53.7104225775,105.824323384953,0.85
129,6.189895271,21.2571478471606,1.45
130,3.8088155555,13.4960452335186,3.5
131,1.9387727645,10.8319658296231,NA
132,1.544955609,9.12490154270522,NA
133,6.20561488,18.2311862058632,2.75
134,1.56084848,24.0792275026392,5.4
135,3.299824963,6.52516334661831,2.35
136,4.1474093155,25.5418257577539,4.45
137,1.95067272875,23.2316180809145,1.05
138,4.8265972265,17.1714780208426,3.6
139,3.8884846755,13.4735849601012,2.15
140,1.19661030475,39.9737158889859,7.1
141,4.89891057775,37.7395937071903,0.565
142,7.50491616,42.2641980980612,0.9
143,2.704182258,22.2808172128289,1.84
144,3.61250945775,13.6311417498079,3.85
145,1.58333319125,13.9404818003246,4.64
146,1.7623839465,12.4095766219835,NA
147,1.8121102045,12.0862607841781,NA
148,3.40163358225,12.8917415618912,3.9
149,1.5923192,8.53296230712062,4.35
150,14.272739025,49.6771504403457,0.475
151,7.68757392,33.7855423361993,0.95
152,6.71781738666667,53.0695987288183,0.65
153,3.8757474505,13.3735553102639,2.175
154,4.36064392,16.6140250565924,2.15
155,4.0398269765,16.51630399,3.33
156,3.1773062575,17.8459880644874,2.15
157,6.94064835575,36.5014215188322,0.85
158,0.9127453865,11.0468136703702,NA
159,0.308679774666667,9.153647188,1.85
160,0.30071233775,8.977419539,4.6
161,1.769700338,40.806095454162,5.8
162,11.72854080275,50.7563214919771,NA
163,2.63262495975,18.1728107339969,1.85
164,90.07956775,126.586603087885,0.35
165,5.9832551265,43.706826215865,NA
166,4.04885461325,10.6745305118935,3.25
167,2.79672397325,16.514641272597,1.385
168,4.185689766,66.3118646982948,2.675
169,2.7834576,21.8279576087092,4.6
170,3.78775631975,14.4713713465177,2.45
171,0.907726032666667,10.6752565140144,6.835
172,4.6707728185,35.4017809621769,0.645
173,NA,14.3370819430862,1.7
174,6.12665456,48.004527887535,2.05
175,1.31144538675,13.2913660111743,4.95
176,79.28107563,194.566215434235,0.85
177,35.85591184,33.2114808474672,0.95
178,8.07279999425,18.089264206255,0.91
179,4.457910409,14.509205620228,2.1
180,2.814613298,NA,NA
181,3.93783290675,14.7476868575369,1.9
182,7.04521655225,15.6791993057814,1.45
183,5.1255690665,14.7594500023473,NA
184,6.40979653325,53.5425513215008,1.5
185,8.7735551685,15.8710382280153,NA
186,2.5806384175,11.0301900655511,2.9
187,1.31178403575,6.356330181,2.75
188,0.254485452,13.27672965,1.705
189,2.72888787575,8.65034980064533,3.05
190,1.73086597325,11.7121351782369,3.75
191,1.7071054225,NA,3.8
192,1.67635137775,14.2553382650708,6.225
193,0.147335893,7.831939823,NA
194,NA,NA,3.675
195,1.758989582,13.1574442394915,5.15
196,3.2060835375,11.6088087450191,NA
197,0.7413575465,11.26837897,3.05
198,0.501357866666667,9.726387046,2.72
199,1.874875757,5.731261842,3.905
200,5.190995754,31.3055325276535,1.95
201,0.23178547525,8.58090733,3.95
202,2.543969831,34.6970233249918,1.825
203,3.4267408535,40.65433938,NA
204,5.26171117033333,35.9967604058683,2.5
205,3.92565729775,16.2004079131951,1.85
206,3.40772138633333,17.59862454602,3.05
207,5.30372153175,33.23426876,1.53
208,1.0434874845,9.33914295476991,6
209,11.88014167075,50.2826696894542,1.25
210,1.9890936265,14.539148930536,5.15
211,3.25367202,28.3794002264743,2.15
212,2.41882384925,25.2571767200735,1.4
213,2.7195159645,12.8937809205769,3.15
214,1.661382552,7.68182080173499,NA
215,4.187196622,44.5699447,1.835
216,2.9405355555,10.07639022,3.09
217,4.34696014233333,21.5973857768479,2.45
218,2.00473841775,21.2741911809982,3.55
219,2.49974858675,17.9794339749165,3.35
220,7.86060414125,41.3621837824379,1.35
221,1.14989411575,8.31090835393913,3.15
222,7.954815147,38.935131075515,1.15
223,2.98741324325,23.7877180090042,2.25
224,2.64840268966667,11.2386247835684,1.7
225,1.052093498,6.41010483650397,5.75
226,6.2652752255,32.8168559767714,1.25
227,10.24191585675,48.9225101023633,1.15
228,3.6457049245,17.8162963508172,3.4
229,2.810408876,12.6281331313283,3.85
230,5.38055680425,26.0590124543877,2.3
231,2.10312773325,11.15,3.55
232,1.061320367,8.53261212095545,6.2
233,3.50844974225,15.1028916971403,3.25
234,1.4976550225,6.7095731278169,5.85
235,3.79278419125,18.1900696901156,2.75
236,2.88202017775,9.03,3.85
237,2.0118500445,8.85,4.7
238,2.12415546675,6.96,3.8
239,1.648895222,8.49,5.7
240,2.277079067,15.16,3.7
241,4.85187776,17.5307837228099,NA
242,0.93982942225,4.26,NA
243,7.37682812425,20.7046465154421,1.7
244,12.65719025,28.4613945679079,1.15
245,2.216769375,9.035194491,NA
246,21.200479665,57.9012074113796,0.55
247,1.57837946675,11.0524340122326,3.85
248,3.93021724475,8.71048608078871,3.6
249,4.3534594445,14.66,2.65
250,1.74757002675,6.90243849217536,3.9
251,1.1783327465,5.81637189524574,4.7
252,3.50298410675,42.9558953341518,0.35
253,16.63617917,36.54,1.65
254,1.6987179555,8.76,5.25
255,2.96096277775,8.04,5.05
256,0.8775731555,4.31215126053498,5.4
257,9.7520795985,27.3254925945927,1.35
258,4.66939864475,77.9909703031395,0.15
259,39.3078165925,275,1.25
260,5.96997019475,88.33,0.65
261,1.56461693325,10.83,4.55
262,1.52691271125,8.04,7
263,1.38689320875,12.1603530158812,1.3
264,1.0074312225,8.74,5.85
265,0.2988930845,5.066400945,10.31
266,0.9919577245,3.294077872,NA
267,2.73297528875,19.08093565,NA
268,1.53815900425,32.3717071699519,1.05
269,1.6751700445,30.0996510247667,2.5
270,13.4700014466667,61.92754899,0.55
271,2.3002627335,15.67,3.45
272,2.29303888,22.7729149,2.515
273,9.50387589,29.61,1.885
274,3.69691178675,49.73951567,2.15
275,1.18933686675,2.37,8
276,4.46788929775,245.4819723,0.5
277,5.9444102665,31.83,4.1
278,5.571963431,31.86525593,2.18
279,42.4177612575,49.01,0.55
280,3.8726233065,27.0888273857464,1.75
281,1.701458649,11.83607141,2.5
282,3.19790871125,15.49,2.55
283,1.376981822,6.21,5.3
284,3.47330113775,18.5640414203048,2
285,2.332788778,13.76,4.7
286,1.78559517775,7.4,6.115
287,1.92443137775,6.28,6.59
288,6.15613801466667,522.1092647,0.28
289,2.1571934225,9.05,3.75
290,15.28556077175,138.091596,0.15
291,1.06069951125,14.43,4.12
292,2.587366111,56.1,1.215
293,1.0331993835,10.77732636,8.05
294,3.6062858,9.11,3.65
295,2.069330349,14.21433216,4.435
296,0.388154631,15.79575851,4.155
297,1.800409379,15.46446883,4.255
298,8.2742918335,292.1608376,0.25
299,0.39544148875,2.62,14.5
300,3.771226654,13.88930241,3.05
301,21.34244053,351.7170151,0.15
302,0.58940657775,2.96,9.1
303,0.23836944,16.9484994,5.165
304,2.65609411575,15.07593314,2.665
305,4.30502018366667,85.58929864,1.25
306,0.3453726445,2.54,15.445
307,0.227785558333333,4.972250287,3.595
308,1.81501103366667,9.291317201,1.95
309,1.9270401555,7,4.6
310,5.713745089,15.67,2.345
311,2.72691111125,6.41,5.8
312,0.7421923555,3.04,6.79
313,9.268363308,42.2275898,1.87
314,1.4413920535,12.47054439,3.95
315,1.1314515335,12.55,6.1
316,16.8864301995,40.61028247,0.95
317,1.96952251325,7.56181912,4.55
318,0.691008561,6.906744668,6.75
319,4.0806403555,16.04,3.9
320,1.0011105095,9.550159397,5.65
321,0.61459851125,8.88,10.45
322,3.2391822475,12.24886345,3.75
323,1.604057153,13.36602513,3.945
324,0.94580696875,9.012321702,4.95
325,0.443305178,1.39,16
326,58.5521785,146.2702352,0.75
327,1.140843155,16.56842134,3.625
328,0.620320758333333,7.612747317,6.95
329,0.875494009,12.81825724,3.5
330,1.3171177555,16.22,6.1
331,6.304514674,149.8988095,0.425
332,5.69667285325,60.75265342,1.295
333,1.5786168585,11.35687689,4.495
334,1.865488095,22.20627735,2.885
335,5.20673454225,63.23547996,1.215
336,1.32152084733333,9.21,7.46
337,3.55848314675,20.02858673,3.265
338,1.59669800875,13.7153451876538,2.65
339,2.51120752,39.1759154323943,0.85
340,0.5259886665,2.91,11.95
341,3.5903213925,19.97389042,1.74
342,0.4597513065,10.34888966,8.935
343,3.259668818,21.40261806,3.645
344,0.75932168875,13.08612611,6.965
345,0.717728911,1.91,12.125
346,33.4779327325,123.9348377,0.45
347,0.9918868445,5.2,6.9
348,4.32316021325,43.77189331,1.145
349,3.2566406665,32.4,0.85
350,2.0834880665,27.93,5.05
351,0.823468089,15.4619122858643,9
352,2.807659182,23.38140778,3.255
353,0.652558689,3.89,8.75
354,2.36387162675,24.57321753,2.32
355,34.074063645,467.9235846,0.705
356,0.973251311,6.05,7.805
357,0.506457289,6.4,13.1
358,0.072140089,5.997460899,13.2
359,2.6170527365,12.95824246,2.95
360,9.24156279175,89.50272458,2.155
361,0.53083213325,6.01,3.08
362,9.3406897825,53.25534831,2.055
363,0.77564771575,12.52269674,4.67
364,0.72166668875,5.53,7.7
365,18.98860433275,53.4,2.65
366,1.46190015433333,8.85379121222454,NA
367,11.97072106,NA,0.52
368,3.15766462225,28.02,0.615
369,0.9101582665,3.37,7.15
370,1.17975034675,8.36223668434411,1.45
371,2.75313671066667,16.05398489,3.32
372,1.295644397,8.71181166707127,3.2
373,0.39809948875,2.21,13.875
374,56.51045035,458.9538503,0.95
375,21.40852832,627.2034181,0.7
376,4.214114146,14.24399192,2.85
377,1.90958595575,14.31,3.55
378,2.40835613975,9.721700714,3.75
379,7.0673922965,29.99256664,1.05
380,117.65939861,221.577392,0.44
381,1.091607129,7.71884947041989,2.5
382,1.14908293325,4.12,8.85
383,0.4937776445,2.26,11.45
384,16.04175849,99.64654475,0.35
385,4.78964512,21.81349541,3.26
386,10.297777171,83.62492697,1.1
387,10.35342284925,33.73740417,0.85
388,1.3138494,21.69,5
389,8.74350062966667,411.5867377,0.85
390,0.7695677865,252.694825,2.7
391,0.86174328925,16.47,6.55
392,2.46481262225,7.51,4.05
393,0.759424071,40.27481581,NA
394,1.8410449955,20.40787506,3.305
395,13.1055875543333,667.7518477,0.65
396,4.48270321775,101.1732813,1.01
397,2.63546016,301.8041167,1.65
398,2.5418749335,18.62208263,2.925
399,1.37582017775,5.25,4.15
400,1.690488,30.89940557,6.195
401,9.1004407115,151.493976,2.17
402,0.4944470665,14.89,8.08
403,1.689863206,7.28025495453205,2.25
404,27.974338435,224.4441265,1.75
405,57.5115701325,173.6,0.55
406,0.187763089,11.22,17.75
407,1.56545568,10.22885823,NA
408,33.905959915,133.0857411,0.25
409,15.38211508,33.99328031,0.75
410,1.058789689,20.29,1.5
411,28.56869591,99.8486946,0.25
412,14.236727937,294.9318764,0.24
413,0.4554827555,6.523338939,7.225
414,9.3601290635,71.48153847,1.35
415,4.67793823975,11.62815681,2.37
416,0.6164689555,9.54,9
417,32.1010693433333,184.6722997,0.45
418,2.00795164425,18.17,2.95
419,2.1073569065,50.54312226,1.75
420,9.440263058,145.5677816,NA
421,0.95755926675,10.62,8.185
422,5.86819676525,2483.737518,0.345
423,1.1276122,9.21,7.85
424,1.81174202225,17.94,7.45
425,2.18451597475,20.62840303,1.85
426,2.717027289,13.35,3.25
427,1.23106746675,13.36,6.925
428,8.782983209,364.5096743,0.475
429,1.74859975575,10.34,4.45
430,12.89293381325,61.81672194,0.95
431,10.58517982275,147.5629101,0.45
432,1.09839388875,6.98,8.5
433,5.24476560025,NA,0.675
434,1.663396089,17.02,NA
435,10.17140601175,53.93612787,3.3
436,1.0688704,5.96,4.35
437,1.7667824445,12.77,4.4
438,10.742530796,351.2031917,1.05
439,64.1204106666667,149.36,1.165
440,2.55603518225,581.4940345,1.05
441,5.28768737775,24.43,2.84
442,16.526331575,117.11,2.12
443,12.5285125325,61.41,1.135
444,4.71036977775,46.67,NA
445,34.910071595,377.8465405,0.3
446,1.1352770845,47.10547184,NA
447,162.1632018,616.7544884,0.35
448,7.9562504665,24.38,3.19
449,1.0715579335,8.03,6.575
450,NA,167.4208535,0.3
451,1.7781541045,572.6279571,2.45
452,21.4365691715,255.2546155,0.975
453,408.414104025,10053.03,0.075
454,1.2267628385,8.142239721,NA
455,1.405392889,8.524623631,2.19
456,13.3147578,95.42355265,NA
457,6.320196338,204.0815006,1.05
458,14.21227481,134.3167487,1.2
459,4.32910625775,24.52950953,2.9
460,60.632047865,288.3140914,0.75
461,3.4836023645,NA,1.55
462,17.8946378196667,73.90089879,0.95
463,4.1832037155,142.7551713,2
464,1.37809621325,35.0201783,7
465,33.5681035,111.79,0.65
466,21.0667958846,83.90945195,0.925
467,2.7415391125,956.9730775,0.45
468,NA,317.5601102,NA
469,17.626441317,130.7615752,0.85
470,3.106371129,1737.690033,5.95
471,22.1549137825,94.26772729,0.55
472,40.0376583253333,483.1437388,0.95
473,3.38922958225,19.12558339,4.55
474,8.195686389,95.06340162,1.65
475,11.1238442,160.5558201,NA
476,25.335246205,207.6827814,0.85
477,11.488947075,85.65071376,1.5
478,1.5671568,8.91,4.95
479,2.5358658845,63.69610443,2
480,44.993443335,82.48634309,1.85
481,1.353827689,9.79,7.05
482,4.47957662225,26.7,4.6
483,20.0597586425,122.05,1.5
484,6.79598227675,55.7813767,1.55
485,5.0015290665,33.23426876,3.55
486,NA,3289.29417,0.55
487,1.166261489,9.6,7.05
488,14.29220102375,81.88253752,0.45
489,0.929735585,15.9095667,5.05
490,11.824674132,77.34623439,1.95
491,9.65155684575,22.92064116,1.55
492,3.284768213,27.16822145,2.75
493,45.44396024,320.0560363,0.35
494,4.59012973325,16.88,2.35
495,2.197618991,3968.270403,0.65
496,76.380235495,129.7180317,0.35
497,2.49839202225,19.07,3.335
498,5.28935702875,17.81962896,2.95
499,9.6210081765,362.1487054,0.55
500,8.15510198,472.9477422,0.45
501,11.639519825,52.6,1.75
502,0.56453582225,15.56843277,NA
503,3.542527271,41.62359144,2.05
504,3.0081512765,58.0482393,NA
505,0.939671911,4556.07,0.175
506,1.5438723995,13.75864759,6.4
507,11.48981974825,51.94070065,0.75
508,4.54298468875,16.63,2.2
509,10.5954672665,37.8,2.38
510,6.9692661555,28.48,2.9
511,11.13869355675,44.14,0.75
512,1.443925357,540.2664245,NA
513,49.3254707575,125.83,0.45
514,2.58160452725,19.09972091,3.55
515,6.2080521545,33.84284891,2.75
516,2.41654531125,18.06,4.675
517,6.4474515335,24.44,2.235
518,38.0823473325,124.66,1.34
519,4.46644413325,22.06,2.65
520,2.696036433,10.50829494,5.125
521,NA,391.5145213,0.95
522,11.1342504326667,57.85,2.055
523,1.398882349,325.659873,1.75
524,66.38689711,170.99,0.65
525,3.31280322225,20.31,3.415
526,7.66922118725,824.6077505,0.45
527,20.2857181775,82,1.26
528,51.8183302025,71.44,0.62
529,109.50892455,84.43,0.24
530,7.291730778,158.96,1.51
531,2.646529468,341.3121491,1.55
532,1.44062615575,13.85,NA
533,12.23555171,23.99,1.545
534,1.62065151125,18.87,4.985
535,17.013690645,237.05,0.55
536,2.934323711,17.65,4.455
537,45.272532665,51.87,0.92
538,168.04305219,49.9508986,1.075
539,4.698316073,175.0410405,1.45
540,3.0257884445,26.93,1.375
541,5.69234129825,124.0100172,1.15
542,25.8196721075,38.7,0.915
543,2.9675959645,395.9571868,0.95
544,15.690628225,37.1,0.95
545,4.4702145555,24.8,3.06
546,1.645745,9.87,2.165
547,7.913594489,32.92,2.44
548,5.8395603705,19.31,0.95
549,4.90795762225,12.81,4.05
550,2.7940952255,8.975882982,5.25
551,1.451594955,38.8387782,0.55
552,5.23852422225,23.17990064,3.6
553,0.9601877335,24.86,5.07
554,6.80338726675,35.64,2.45
555,0.79774455525,10.15,6.75
556,4.92619937766667,15.52,2.2
557,29.95081455,124.1711432,0.85
558,2.319065622,18.94,2.56
559,2.398666796,77.23719826,1.05
560,1.7321193115,10.32997891,4.55
561,36.7426291925,40.52,0.6
562,1.182298089,70.14,5.85
563,10.3402642875,799.6140634,0.35
564,3.0366330845,19.68324919,5.05
565,5.615271111,19.12,2.135
566,NA,531.7390053,0.15
567,2.50125675525,14.17,2.15
568,1.66315982225,27.66,0.65
569,4.02100664875,87.1343817,0.35
570,13.613840171,111.3678111,0.95
571,4.687262898,210.8021341,2.45
572,3.544551289,21.23,1
573,1.08556657775,8.45,4.785
574,4.1305101235,21.12745746,2.975
575,8.51247142225,16.73,1.895
576,1.17806497775,15.9,0.625
577,5.858566487,120.5326755,2.45
578,4.29043531125,15.49,2.9
579,2.6738594,9.33,4.25
580,0.08170101325,2.7646,0.75
581,NA,NA,NA
582,1.47304391125,11.16,5.75
583,8.813425088,139.8568334,1.05
584,160.647511725,816.26,0.27
585,23.6222038525,146.41,0.7
586,1.54378698933333,10.2,3.25
587,52.919905815,471.1284173,0.45
588,1.103109378,12.22,4.35
589,0.679276511,20.01,4.35
590,0.629276578,36.89,4.7
591,2.4739141395,15.59478455,2.35
592,3.7005562,39.33,2.25
593,0.3447087705,44.06127905,1.65
594,13.49108918475,157.86,0.75
595,1.2601873335,6.54,4.3
596,1.30333553325,9.98,5.3
597,140.78009815,583.1843189,0.35
598,3.04728346075,16.04096785,2.75
599,1.00897680025,8.42,6.65
600,22.17498192,75.64,0.85
601,7.2393320815,29.88,2.15
602,3.00420687166667,29.06952019,2.35
603,2.10007989333333,13.23001307,2.65
604,2.8273244445,19.52,NA
605,2.626970311,19.87,4.1
606,2.39101866675,10.74,4.6
607,2.351528016,14.96,5
608,5.45758498766667,34.22,1.05
609,11.5913214225,77.77,0.55
610,2.62801382225,14.24,3.35
611,0.467748933,9.05,7.675
612,0.42083031125,6.15,11.25
613,1.0811956445,11.45,5.45
614,0.800924311,12.78,4.95
615,18.46603724,59.64,0.65
616,6.69673255525,41.89,NA
617,3.50421860025,31.6,NA
618,2.1770792,21.33,5.75
619,0.7611035335,10.51,7.95
620,3.40390699233333,16.6,2.5
621,7.6821975405,58.93,NA
622,3.0660916,22.55,2.725
623,1.31289448875,16.1,5.6
624,0.4234390885,6.68,9
625,2.01926291125,13.55,6.1
626,0.98029993325,8.37,5.75
627,3.8137082445,28.5,4.15
628,1.4803878665,21.19,2.1
629,4.7306099555,32.56,0.85
630,2.93121614825,25.22,NA
631,2.54065422225,11.91,2.45
632,0.72588995575,8.78,NA
633,0.5847993775,6.07,13.1
634,1.9647148445,17.46,1.75
635,2.07335813333333,11.44,3.55
636,0.53715226625,8.76,14.65
637,10.0166237785,22.37,0.9
638,0.855665985,10.69,4.9
639,4.65124685725,26.25,0.95
640,2.89457606375,24.94,0.85
641,1.49346128875,14.1,6.55
642,0.676930252,16.07,NA
643,1.089386222,7.55,7.85
644,1.92517955575,13.92,5.95
645,2.82543431125,10.99,3.55
646,1.936461289,10.94,NA
647,0.79577566675,8.1,6.6
648,0.705439763,9.97,6.7
649,189.492363966667,240.1,0.175
650,1.583882511,15.92,NA
651,1.38425686675,23.5,NA
652,2.8146448,10.88,2.225
653,2.21378913325,17.95,2.6
654,1.3834299335,23.15,1.1
655,3.195644489,20.91,NA
656,1.4218921775,10.29,NA
657,2.580918,23.54,2.4
658,2.3205816665,17.41,2.55
659,1.73685533325,13.62,3.5
660,11.14427459925,30.35,NA
661,2.49039833325,15.79,1.65
662,4.62668215575,83.24,0.425
663,5.66244568875,47.81,2.55
664,2.72440077775,22.73,1.9
